Shipment ID,ship_method,vendor_name,date,fc_code,from_postal_code,from_state,from_city,from_latitude,from_longitude,to_postal_code,to_state,to_city,to_latitude,to_longitude,total_vendor_price,weight,volume,cost,$/lb,haversine_distance,manhattan_distance,log_cost,log_weight,log_Hdis,log_Mdis,log_volume,log_TVP,log_TVP/log_weight,across_state,ship_method_type,real_distance,log_distance
FBA17QHZ4KJ9,ESTES,Lenox,2024-03-08,ABE8,7094,NJ,Secaucus,40.791,-74.0634,08518-2200,NJ,Florence,40.110056150000005,-74.80252506814196,4975.5,279.89,44777.97,107.15,0.382828969,98.20596786567644,138.25901863927243,4.683519152399068,5.637963133618907,4.597198172417545,4.93633564252183,10.709493888548328,8.512482111686118,1.5098506162494378,False,LTL,109.618,4.706082824489872
FBA17QHYG2Q9,ESTES,Lenox,2024-03-08,TEB3,7094,NJ,Secaucus,40.791,-74.0634,08085-4503,NJ,Logan Township,39.708322395416346,-75.31767798495581,9517.0,268.22,48918.31,102.68,0.382820073,160.6962121428934,226.83632502271115,4.641309232603964,5.595528889215947,5.085719341094669,5.428627498453039,10.797927485040969,9.160940021681055,1.6371892993594568,False,LTL,170.654,5.145480822865508
FBA17QJ02VGR,ESTES,Lenox,2024-03-08,ABE8,7094,NJ,Secaucus,40.791,-74.0634,08518-2200,NJ,Florence,40.110056150000005,-74.80252506814196,13068.55,1049.61,87799.1,401.84,0.382846962,98.20596786567644,138.25901863927243,5.998539460779944,6.957126226845016,4.597198172417545,4.93633564252183,11.382817918574723,9.478040376033192,1.362349922509798,False,LTL,109.618,4.706082824489872
FBA17PXPDJQR,ESTES,Lenox,2024-03-08,TEB9,7094,NJ,Secaucus,40.791,-74.0634,8873,NJ,Somerset,42.40610715317342,-71.14548263783863,1687.5,114.28,9243.136404,43.75,0.382831642,301.83741303860955,422.2259384779983,3.801091444720865,4.747363951691266,5.713196070861444,6.047906169965472,9.131744727235208,7.431595839825622,1.565415231578798,False,LTL,351.537,5.865155581282939
FBA17RFFK584,ESTES,Lenox,2024-03-19,ABE8,7094,NJ,Secaucus,40.791,-74.0634,08518-2200,NJ,Florence,40.110056150000005,-74.80252506814196,18458.35,1400.47,164813.1723,485.0,0.346312309,98.20596786567644,138.25901863927243,6.186208623900494,7.245276964738921,4.597198172417545,4.93633564252183,12.012573889726,9.823326296169306,1.3558248144242313,False,LTL,109.618,4.706082824489872
FBA17RFFK5B2,ESTES,Lenox,2024-03-19,ABE8,7094,NJ,Secaucus,40.791,-74.0634,08518-2200,NJ,Florence,40.110056150000005,-74.80252506814196,4503.0,294.53,62513.10822,102.0,0.346314467,98.20596786567644,138.25901863927243,4.634728988229636,5.688770354535698,4.597198172417545,4.93633564252183,11.043147541770969,8.412721169819527,1.4788294561955737,False,LTL,109.618,4.706082824489872
FBA17VH5496X,ESTES,Lenox,2024-04-05,AVP1,7094,NJ,Secaucus,40.791,-74.0634,18202-9361,PA,Hazle Township,40.92357411523179,-76.05055126251797,7842.0,360.67,97245.31722,60.65,0.168159259,167.76726143507102,181.8636164658217,4.121473229610353,5.89073219385384,5.128520614506981,5.208740609779157,11.48500239156055,8.967376693212666,1.522285583202862,True,LTL,211.432,5.358621937153546
FBA17VGYMBSC,ESTES,Lenox,2024-04-05,TEB4,7094,NJ,Secaucus,40.791,-74.0634,08069-2957,NJ,Penns Grove,39.68846844794761,-75.43948142759169,4981.0,126.52,19274.39,21.26,0.168036674,169.32501995543106,239.39832564131612,3.102791345847399,4.848273215041905,5.13770849382063,5.4822972377504255,9.866584431689873,8.513586695822125,1.7560039045259417,False,LTL,186.928,5.236058910751464
FBA17TC41PT6,ESTES,Lenox,2024-04-05,CLT2,7094,NJ,Secaucus,40.791,-74.0634,28214-8082,NC,Charlotte,35.24221934771131,-80.99737261815821,2742.5,151.82,792.38,25.51,0.168027928,865.2599840227567,1224.432704505261,3.277522020300934,5.02926075821942,6.76418507600509,7.111049288776005,6.676302299796786,7.91698975649903,1.57418557857835,True,LTL,1016.53,6.925133400911589
FBA17TC5X7NK,ESTES,Lenox,2024-04-05,CLT2,7094,NJ,Secaucus,40.791,-74.0634,28214-8082,NC,Charlotte,35.24221934771131,-80.99737261815821,32324.25,2823.55,380944.4275,474.46,0.168036691,865.2599840227567,1224.432704505261,6.164282756470127,7.946104338856819,6.76418507600509,7.111049288776005,12.850411408941602,10.3836039375622,1.3067540388043857,True,LTL,1016.53,6.925133400911589
FBA17VGQXG9N,ESTES,Lenox,2024-04-05,ORF2,7094,NJ,Secaucus,40.791,-74.0634,23321-1425,VA,Chesapeake,36.81658384974136,-76.45359838146298,6548.0,246.71,4909.11,41.45,0.168011025,488.0082528047787,649.0547240854837,3.748326912757357,5.512258707097447,6.192379366233847,6.477056550246572,8.499051623796273,8.787067645218054,1.59409565336693,True,LTL,600.987,6.400235850391267
FBA17VH12ZL1,ESTES,Lenox,2024-04-05,TPA3,7094,NJ,Secaucus,40.791,-74.0634,33823-9429,FL,Auburndale,28.150339760416667,-81.81942488541667,2435.0,44.28,7832.25,7.44,0.16802168,1573.5180450193343,2116.5789127827225,2.1329823086078656,3.812865433894927,7.361704501268885,7.658028692789416,8.966132773109681,7.798112628829788,2.0452105546415367,True,LTL,1788.828,7.489874804832445
FBA17VGQXGB9,ESTES,Lenox,2024-04-05,ORF2,8873,NJ,Somerset,40.5007,-74.5013,23321-1425,VA,Chesapeake,36.81658384974136,-76.45359838146298,19327.0,1033.26,137419.4335,173.62,0.16803128,443.3098872579857,579.1732184369101,5.162612184382661,6.941441474136934,6.096522263257132,6.363326711430123,11.830800363142746,9.86931010073454,1.421795478288844,True,LTL,563.166,6.335348534433723
FBA17TC5X7QH,ESTES,Lenox,2024-04-05,CLT2,7094,NJ,Secaucus,40.791,-74.0634,28214-8082,NC,Charlotte,35.24221934771131,-80.99737261815821,6897.0,687.43,101651.767,115.51,0.168031654,865.2599840227567,1224.432704505261,4.757977106231849,6.5344136427021855,6.76418507600509,7.111049288776005,11.52931803954189,8.838986793496787,1.3526824711148202,True,LTL,1016.53,6.925133400911589
FBA17VGW3XB5,ESTES,Lenox,2024-04-05,AVP1,7094,NJ,Secaucus,40.791,-74.0634,18202-9361,PA,Hazle Township,40.92357411523179,-76.05055126251797,1899.0,215.08,28984.66374,36.14,0.1680305,167.76726143507102,181.8636164658217,3.61469455592456,5.37564870948436,5.128520614506981,5.208740609779157,10.274556632942383,7.549609165154532,1.4044089510228992,True,LTL,211.432,5.358621937153546
FBA17VGY6FZT,ESTES,Lenox,2024-04-05,ABE8,7094,NJ,Secaucus,40.791,-74.0634,08518-2200,NJ,Florence,40.110056150000005,-74.80252506814196,2852.0,293.1,5803.96,49.25,0.168031389,98.20596786567644,138.25901863927243,3.917010546939185,5.68391984555995,4.597198172417545,4.93633564252183,8.66646800349671,7.9561263512135,1.3997604764656395,False,LTL,109.618,4.706082824489872
FBA17VGW3X87,ESTES,Lenox,2024-04-05,AVP1,7094,NJ,Secaucus,40.791,-74.0634,18202-9361,PA,Hazle Township,40.92357411523179,-76.05055126251797,16503.5,1353.78,53210.83,227.48,0.168033211,167.76726143507102,181.8636164658217,5.431448679151219,7.21139435850811,5.128520614506981,5.208740609779157,10.882036019030595,9.711388349978076,1.3466727607983937,True,LTL,211.432,5.358621937153546
FBA17VH54968,ESTES,Lenox,2024-04-05,AVP1,7094,NJ,Secaucus,40.791,-74.0634,18202-9361,PA,Hazle Township,40.92357411523179,-76.05055126251797,22939.0,1514.05,161866.4793,254.41,0.16803276,167.76726143507102,181.8636164658217,5.542870097099746,7.323203720699203,5.128520614506981,5.208740609779157,11.994533250433864,10.04063739068336,1.3710717021709051,True,LTL,211.432,5.358621937153546
FBA17TJGYTHM,ESTES,Lenox,2024-04-05,MDT4,7094,NJ,Secaucus,40.791,-74.0634,17408,PA,York,39.933670566312216,-76.83983972495825,3227.0,82.23,64807.5191,13.81,0.167943573,253.80528542423207,330.5688518038222,2.6953026282797072,4.421607859758004,5.5404996669060695,5.803835485808812,11.079192341291852,8.07961802938984,1.8273031633863703,True,LTL,306.568,5.7286962010105045
FBA17VGZY2ND,ESTES,Lenox,2024-04-05,ORF2,7094,NJ,Secaucus,40.791,-74.0634,23321-1425,VA,Chesapeake,36.81658384974136,-76.45359838146298,13563.0,999.52,155151.5051,167.95,0.168030655,488.0082528047787,649.0547240854837,5.129602813160299,6.908275143828988,6.192379366233847,6.477056550246572,11.9521638160562,9.515174503245529,1.3773589362237877,True,LTL,600.987,6.400235850391267
FBA17XLQXKM1,ESTES,Lenox,2024-05-17,GSO1,8873,NJ,Somerset,40.5007,-74.5013,27284-6855,NC,Kernersville,36.10957785714286,-80.02542199999999,1345.0,48.63,5404.55,18.74,0.385358832,685.8233521810105,970.288648972003,2.9826470340053355,3.9045954895993495,6.532077129873664,6.878623693911504,8.595181482528174,7.204892510204673,1.8452340400936045,True,LTL,847.299,6.74323316798475
FBA17XLQXKMP,ESTES,Lenox,2024-05-17,MGE3,8873,NJ,Somerset,40.5007,-74.5013,30549-2010,GA,Jefferson,34.17690540177291,-83.60294708855054,2250.0,93.52,9201.59,36.04,0.385372113,1067.5230892811803,1507.8228362344887,3.6119984097779785,4.548811452318707,6.974032683586263,7.319085047126856,9.127240245156454,7.719129840906732,1.696955330380201,True,LTL,1259.018,7.13888128555777
FBA17XMBW3G2,ESTES,Lenox,2024-05-17,CLT2,8873,NJ,Somerset,40.5007,-74.5013,28214-8082,NC,Charlotte,35.24221934771131,-80.99737261815821,1038.0,164.6,16156.6119,63.44,0.385419198,816.2399385185417,1154.9166832032652,4.165734558308774,5.109575241951159,6.705932734141005,7.052648973281337,9.690146542689426,6.946013991099227,1.359411235217822,True,LTL,978.71,6.887256609504791
FBA17XMBW3GQ,ESTES,Lenox,2024-05-17,CLT2,8873,NJ,Somerset,40.5007,-74.5013,28214-8082,NC,Charlotte,35.24221934771131,-80.99737261815821,8625.5,1152.25,38558.53,444.13,0.385445867,816.2399385185417,1154.9166832032652,6.0983663743346295,7.05033932243793,6.705932734141005,7.052648973281337,10.559958559853518,9.062594139821918,1.2854124780888097,True,LTL,978.71,6.887256609504791
FBA17QHYG2M2,ESTES,Lenox,2024-05-30,TEB3,8873,NJ,Somerset,40.5007,-74.5013,08085-4503,NJ,Logan Township,39.708322395416346,-75.31767798495581,1150.0,16.01,2579.04,4.3,0.268582136,112.17716029525256,157.54110458949998,1.667706820558076,2.8338014064077703,4.728954381235739,5.066013894645367,7.855560181671448,7.048386408721883,2.487254891180492,False,LTL,132.833,4.89659275405558
FBA17VQXDCQQ,ESTES,Lenox,2024-05-30,CLT2,8873,NJ,Somerset,40.5007,-74.5013,28214-8082,NC,Charlotte,35.24221934771131,-80.99737261815821,2853.5,105.4,22424.67175,28.32,0.268690702,816.2399385185417,1154.9166832032652,3.3782698770184507,4.667205576907544,6.705932734141005,7.052648973281337,10.017961641885254,7.956651975404314,1.7047999802649216,True,LTL,978.71,6.887256609504791
FBA181KFV5R7,ESTES,Lenox,2024-05-30,AVP1,8873,NJ,Somerset,40.5007,-74.5013,18202-9361,PA,Hazle Township,40.92357411523179,-76.05055126251797,5258.25,402.46,59632.58283,76.24,0.189434975,138.78487483793475,177.6006102785479,4.346917457560314,6.000077350206205,4.940104632515513,5.185152085449706,10.995974164665672,8.567743710014138,1.4279388764412664,True,LTL,182.877,5.214267055816901
FBA181KFV5QL,ESTES,Lenox,2024-05-30,AVP1,8873,NJ,Somerset,40.5007,-74.5013,18202-9361,PA,Hazle Township,40.92357411523179,-76.05055126251797,470.0,23.32,168.15,4.41,0.189108062,138.78487483793475,177.6006102785479,1.6882490928583902,3.1912990570979662,4.940104632515513,5.185152085449706,5.130785895226717,6.154858094016418,1.9286372050676404,True,LTL,182.877,5.214267055816901
FBA181KFV5PY,ESTES,Lenox,2024-05-30,ABE8,8873,NJ,Somerset,40.5007,-74.5013,08518-2200,NJ,Florence,40.110056150000005,-74.80252506814196,6532.0,217.71,68206.72763,41.22,0.189334436,50.39125468158433,68.98092704690085,3.742894042420174,5.387746651374461,3.9394680156036346,4.248222734163899,11.130313145770415,8.78462153484075,1.6304815543989466,False,LTL,71.798,4.287688482297791
FBA181KFBKQ2,ESTES,Lenox,2024-05-30,ABE8,8873,NJ,Somerset,40.5007,-74.5013,08518-2200,NJ,Florence,40.110056150000005,-74.80252506814196,10575.5,534.57,42658.93,101.21,0.189329742,50.39125468158433,68.98092704690085,4.627029520340985,6.283331600299074,3.9394680156036346,4.248222734163899,10.661015351142607,9.266389837827203,1.47475741012716,False,LTL,71.798,4.287688482297791
FBA18136WJVF,ESTES,Lenox,2024-05-30,RMN3,8873,NJ,Somerset,40.5007,-74.5013,22406,VA,Fredericksburg,38.393316,-77.464077,5489.8,338.23,24110.57,64.04,0.189338616,345.8370434262192,488.7325691322598,4.175002465239555,5.826678343403088,5.848855054156572,6.193859464832936,10.09044708726333,8.610829243377504,1.4778281442507646,True,LTL,402.201,5.999435196912813
FBA18136WJTS,ESTES,Lenox,2024-05-30,TEB9,8873,NJ,Somerset,40.5007,-74.5013,8873,NJ,Somerset,42.40610715317342,-71.14548263783863,1718.0,103.02,7382.6,19.5,0.189283634,350.8177361608457,491.5453267357823,3.0204248861443626,4.644583188344926,5.863113246498377,6.19958649035856,8.907016603534444,7.449498005382849,1.6039109869054666,False,LTL,411.246,6.021620258542423
FBA17VGX9H2M,ESTES,Lenox,2024-05-30,TEB4,8873,NJ,Somerset,40.5007,-74.5013,08069-2957,NJ,Penns Grove,39.68846844794761,-75.43948142759169,518.0,13.34,436.89,3.58,0.268365817,120.52065146265686,170.11975598786142,1.5216989981260935,2.663052835171474,4.800084219223254,5.1423636388022445,6.081967737282614,6.251903883165888,2.347645454343127,False,LTL,149.108,5.011355035020604
FBA18136WJWQ,ESTES,Lenox,2024-05-30,RMN3,8873,NJ,Somerset,40.5007,-74.5013,22406,VA,Fredericksburg,38.393316,-77.464077,496.0,44.7,3878.87,8.46,0.189261745,345.8370434262192,488.7325691322598,2.247072383063787,3.822098297900159,5.848855054156572,6.193859464832936,8.26355692690137,6.208590026096629,1.6243930799758854,True,LTL,402.201,5.999435196912813
FBA17VH4P9MM,ESTES,Lenox,2024-05-30,TEB4,8873,NJ,Somerset,40.5007,-74.5013,08069-2957,NJ,Penns Grove,39.68846844794761,-75.43948142759169,245.0,5.33,6032.895,1.43,0.268292683,120.52065146265686,170.11975598786142,0.8878912573524571,1.8453002361560848,4.800084219223254,5.1423636388022445,8.705148018175489,5.5053315359323625,2.983434038571647,False,LTL,149.108,5.011355035020604
FBA17VQXDCS0,ESTES,Lenox,2024-05-30,CLT2,8873,NJ,Somerset,40.5007,-74.5013,28214-8082,NC,Charlotte,35.24221934771131,-80.99737261815821,12687.25,592.43,88201.65126,159.23,0.26877437,816.2399385185417,1154.9166832032652,5.076610283019789,6.385919262696094,6.705932734141005,7.052648973281337,11.38739230118029,9.448431647337513,1.4795726752343008,True,LTL,978.71,6.887256609504791
FBA17VH1TRH8,ESTES,Lenox,2024-05-30,TEB4,8873,NJ,Somerset,40.5007,-74.5013,08069-2957,NJ,Penns Grove,39.68846844794761,-75.43948142759169,669.0,24.01,2738.72,6.45,0.268638067,120.52065146265686,170.11975598786142,2.0082140323914683,3.219275744889528,4.800084219223254,5.1423636388022445,7.915611004379363,6.507277712385012,2.0213483491481137,False,LTL,149.108,5.011355035020604
FBA18136WJSH,ESTES,Lenox,2024-05-30,TEB9,8873,NJ,Somerset,40.5007,-74.5013,8873,NJ,Somerset,42.40610715317342,-71.14548263783863,245.0,9.71,374.9,1.84,0.189495366,350.8177361608457,491.5453267357823,1.043804052173115,2.3711778844596574,5.863113246498377,6.19958649035856,5.9293231505701325,5.5053315359323625,2.321770784053561,False,LTL,411.246,6.021620258542423
FBA17VGZY2P1,ESTES,Lenox,2024-05-30,ORF2,8873,NJ,Somerset,40.5007,-74.5013,23321-1425,VA,Chesapeake,36.81658384974136,-76.45359838146298,378.5,17.34,1447.66,4.66,0.268742791,443.3098872579857,579.1732184369101,1.7334238922150915,2.9090844668283187,6.096522263257132,6.363326711430123,7.278394270204864,5.938854596835685,2.0414857885892284,True,LTL,563.166,6.335348534433723
FBA18136WJT4,ESTES,Lenox,2024-05-30,ABE8,8873,NJ,Somerset,40.5007,-74.5013,08518-2200,NJ,Florence,40.110056150000005,-74.80252506814196,11679.26,756.17,102843.9263,143.17,0.189335731,50.39125468158433,68.98092704690085,4.970993158823812,6.629587798898942,3.9394680156036346,4.248222734163899,11.540977562799627,9.365655516408436,1.4127055558362025,False,LTL,71.798,4.287688482297791
FBA17VGY6G0G,ESTES,Lenox,2024-05-30,ABE8,8873,NJ,Somerset,40.5007,-74.5013,08518-2200,NJ,Florence,40.110056150000005,-74.80252506814196,17194.45,1082.05,117316.3529,290.79,0.268739892,50.39125468158433,68.98092704690085,5.676034365453476,6.987536413986987,3.9394680156036346,4.248222734163899,11.672637959761488,9.7524000929223,1.39568504765154,False,LTL,71.798,4.287688482297791
FBA18136WJW2,ESTES,Lenox,2024-05-30,ABE8,8873,NJ,Somerset,40.5007,-74.5013,08518-2200,NJ,Florence,40.110056150000005,-74.80252506814196,3705.5,221.6,54395.33227,41.95,0.189305054,50.39125468158433,68.98092704690085,3.760036648430265,5.4053764388414445,3.9394680156036346,4.248222734163899,10.904052009063747,8.217843314096774,1.5203091601624208,False,LTL,71.798,4.287688482297791
FBA181KD3S7L,ESTES,Lenox,2024-05-30,SWF2,8873,NJ,Somerset,40.5007,-74.5013,12533-6159,NY,Hopewell Junction,42.0506077,-71.60176882491467,5221.5,349.9,78775.78428,66.24,0.189311232,297.3171705627442,414.6497118454207,4.208268308540415,5.860501282589169,5.698157251254469,6.029842866714306,11.274373616702189,8.56073149343072,1.460750724321758,True,LTL,375.704,5.931459733170953
FBA17VH4P9Q6,ESTES,Lenox,2024-05-30,TEB4,8873,NJ,Somerset,40.5007,-74.5013,08069-2957,NJ,Penns Grove,39.68846844794761,-75.43948142759169,1163.0,16.01,28793.57441,4.3,0.268582136,120.52065146265686,170.11975598786142,1.667706820558076,2.8338014064077703,4.800084219223254,5.1423636388022445,10.26794225983502,7.059617628291383,2.4912181962815843,False,LTL,149.108,5.011355035020604
FBA181KD3S6Y,ESTES,Lenox,2024-05-30,AVP1,8873,NJ,Somerset,40.5007,-74.5013,18202-9361,PA,Hazle Township,40.92357411523179,-76.05055126251797,630.0,62.2,5786.37,11.77,0.189228296,138.78487483793475,177.6006102785479,2.547098670044448,4.146304301152812,4.940104632515513,5.185152085449706,8.663433235939186,6.447305862541213,1.554952409245179,True,LTL,182.877,5.214267055816901
FBA17VQNCBLV,ESTES,Lenox,2024-05-30,ORF2,8873,NJ,Somerset,40.5007,-74.5013,23321-1425,VA,Chesapeake,36.81658384974136,-76.45359838146298,13060.5,635.08,57229.95,170.67,0.268737797,443.3098872579857,579.1732184369101,5.145574029282837,6.455324341593228,6.096522263257132,6.363326711430123,10.954850114950856,9.477424250752758,1.4681561683411326,True,LTL,563.166,6.335348534433723
FBA181KFJQD1,ESTES,Lenox,2024-05-30,SWF2,8873,NJ,Somerset,40.5007,-74.5013,12533-6159,NY,Hopewell Junction,42.0506077,-71.60176882491467,26812.54,1683.41,144225.99,318.73,0.189335931,297.3171705627442,414.6497118454207,5.767476889636389,7.429170633102256,5.698157251254469,6.029842866714306,11.879143656915147,10.19666226279693,1.3725169021375716,True,LTL,375.704,5.931459733170953
FBA181S4Z4KQ,ESTES,Lenox,2024-06-16,ABE8,8873,NJ,Somerset,40.5007,-74.5013,08518-2200,NJ,Florence,40.110056150000005,-74.80252506814196,7286.0,626.27,20246.55,123.91,0.197853961,50.39125468158433,68.98092704690085,4.827593477977818,6.441377069951441,3.9394680156036346,4.248222734163899,9.915789077560769,8.893847217670283,1.3807369326598558,False,LTL,71.798,4.287688482297791
FBA181S4Z4LC,ESTES,Lenox,2024-06-16,ABE8,8873,NJ,Somerset,40.5007,-74.5013,08518-2200,NJ,Florence,40.110056150000005,-74.80252506814196,698.0,78.67,5358.872386,15.56,0.197788229,50.39125468158433,68.98092704690085,2.8069901489571136,4.3778931033922746,3.9394680156036346,4.248222734163899,8.586695445199329,6.54965074223381,1.4960737020186077,False,LTL,71.798,4.287688482297791
FBA1822XD0S4,ESTES,Lenox,2024-06-16,TEB9,8873,NJ,Somerset,40.5007,-74.5013,8873,NJ,Somerset,42.40610715317342,-71.14548263783863,2160.0,113.29,20678.46401,22.41,0.197810928,350.8177361608457,491.5453267357823,3.153163281502819,4.738739077909506,5.863113246498377,6.19958649035856,9.93689641000795,7.678326356506886,1.6203311113500214,False,LTL,411.246,6.021620258542423
FBA1822XD0SS,ESTES,Lenox,2024-06-16,TEB9,8873,NJ,Somerset,40.5007,-74.5013,8873,NJ,Somerset,42.40610715317342,-71.14548263783863,6336.0,673.48,35868.48,133.25,0.197852943,350.8177361608457,491.5453267357823,4.899703733388974,6.51394202361442,5.863113246498377,6.19958649035856,10.48764207362727,8.754160749323518,1.3439113700410337,False,LTL,411.246,6.021620258542423
FBA182331JZK,ESTES,Lenox,2024-06-16,CLT2,8873,NJ,Somerset,40.5007,-74.5013,28214-8082,NC,Charlotte,35.24221934771131,-80.99737261815821,11783.5,1538.99,100958.8177,304.54,0.197883027,816.2399385185417,1154.9166832032652,5.722080702937577,7.339531201880098,6.705932734141005,7.052648973281337,11.5224778721078,9.374540387656442,1.277266916619287,True,LTL,978.71,6.887256609504791
FBA181S3Y3XG,ESTES,Lenox,2024-06-16,PIT2,8873,NJ,Somerset,40.5007,-74.5013,15126-1002,PA,Imperial,40.4480826,-80.30693934545454,1772.0,50.35,32836.63415,9.96,0.197815293,491.0194613530324,496.9240094656506,2.394252281519869,3.938664936374568,6.1985182713056,6.210447473946959,10.399330519253818,7.480428306074208,1.899229415782632,True,LTL,590.319,6.382355634899754
FBA181S7NSLL,ESTES,Lenox,2024-06-16,PIT2,8873,NJ,Somerset,40.5007,-74.5013,15126-1002,PA,Imperial,40.4480826,-80.30693934545454,18075.5,739.57,394709.0357,146.32,0.197844694,491.0194613530324,496.9240094656506,4.992607091576865,6.607420159962591,6.1985182713056,6.210447473946959,12.88590668747414,9.802368031135556,1.4835393835755488,True,LTL,590.319,6.382355634899754
FBA182308HZS,ESTES,Lenox,2024-06-16,PIT2,8873,NJ,Somerset,40.5007,-74.5013,15126-1002,PA,Imperial,40.4480826,-80.30693934545454,4332.0,173.09,95345.61041,34.24,0.197816165,491.0194613530324,496.9240094656506,3.562181801067979,5.159572406870627,6.1985182713056,6.210447473946959,11.465274061471677,8.374015421739909,1.6230056991910498,True,LTL,590.319,6.382355634899754
FBA182308J0F,ESTES,Lenox,2024-06-16,PIT2,8873,NJ,Somerset,40.5007,-74.5013,15126-1002,PA,Imperial,40.4480826,-80.30693934545454,350.0,25.17,84.57,4.98,0.197854589,491.0194613530324,496.9240094656506,1.7884205679625405,3.2646137165420543,6.1985182713056,6.210447473946959,4.449334754429963,5.860786223465865,1.7952464617081036,True,LTL,590.319,6.382355634899754
FBA1822WJWVD,ESTES,Lenox,2024-06-16,CLT2,8873,NJ,Somerset,40.5007,-74.5013,28214-8082,NC,Charlotte,35.24221934771131,-80.99737261815821,3017.5,409.12,36107.54701,80.94,0.197839265,816.2399385185417,1154.9166832032652,4.405987272118725,6.01644979980189,6.705932734141005,7.052648973281337,10.494284875577696,8.012515298236481,1.3317679968841951,True,LTL,978.71,6.887256609504791
FBA1845Z7GVV,ESTES,Lenox,2024-07-25,TEB4,8873,NJ,Somerset,40.5007,-74.5013,08069-2957,NJ,Penns Grove,39.68846844794761,-75.43948142759169,2135.0,41.84,840.88,16.09,0.384560229,120.52065146265686,170.11975598786142,2.8384934971274998,3.757472245579548,4.800084219223254,5.1423636388022445,6.735637486270971,7.666690200080086,2.0403850511735677,False,LTL,149.108,5.011355035020604
FBA1844PSVPQ,ESTES,Lenox,2024-07-25,TEB9,8873,NJ,Somerset,40.5007,-74.5013,8873,NJ,Somerset,42.40610715317342,-71.14548263783863,8414.0,483.79,85665.47482,185.99,0.384443664,350.8177361608457,491.5453267357823,5.231055139488869,6.183715807479658,5.863113246498377,6.19958649035856,11.358216835751486,9.037771106624906,1.461543736484956,False,LTL,411.246,6.021620258542423
FBA184595G8W,ESTES,Lenox,2024-07-25,TEB9,8873,NJ,Somerset,40.5007,-74.5013,8873,NJ,Somerset,42.40610715317342,-71.14548263783863,980.0,36.37,20995.39764,13.98,0.384382733,350.8177361608457,491.5453267357823,2.7067159780890733,3.6208682434973927,5.863113246498377,6.19958649035856,9.952106161038348,6.888572459565364,1.902464269981749,False,LTL,411.246,6.021620258542423
FBA17QWJ1CZJ,ESTES,Lenox,2024-07-30,ABE8,8873,NJ,Somerset,40.5007,-74.5013,08518-2200,NJ,Florence,40.110056150000005,-74.80252506814196,71710.0,163.1,49555.05,251.28,1.540649908,50.39125468158433,68.98092704690085,5.53053958179545,5.100475998096045,3.9394680156036346,4.248222734163899,10.81085963119468,11.180399431835866,2.1920305940091462,False,LTL,71.798,4.287688482297791
FBA17QTY4J8Y,ESTES,Lenox,2024-07-30,ABE8,8873,NJ,Somerset,40.5007,-74.5013,08518-2200,NJ,Florence,40.110056150000005,-74.80252506814196,13533.0,14.66,11264.64,22.59,1.540927694,50.39125468158433,68.98092704690085,3.160822893419584,2.751109690562657,3.9394680156036346,4.248222734163899,9.329512664390576,9.51296031679217,3.457862966869409,False,LTL,71.798,4.287688482297791
FBA182C0QKB0,ESTES,Lenox,2024-07-30,CLT2,8873,NJ,Somerset,40.5007,-74.5013,28214-8082,NC,Charlotte,35.24221934771131,-80.99737261815821,18696.75,32.24,125759.3474,49.67,1.540632754,816.2399385185417,1154.9166832032652,3.9253340194878175,3.5037539699872475,6.705932734141005,7.052648973281337,11.742133370063796,9.836158474747927,2.8073199656720558,True,LTL,978.71,6.887256609504791
FBA17SXK0JWP,ESTES,Lenox,2024-08-01,ABE8,8873,NJ,Somerset,40.5007,-74.5013,08518-2200,NJ,Florence,40.110056150000005,-74.80252506814196,6239.0,365.77,61774.96,117.97,0.322525084,50.39125468158433,68.98092704690085,4.778871360488434,5.904734948596886,3.9394680156036346,4.248222734163899,11.03126957100316,8.738735461363474,1.4799538908075829,False,LTL,71.798,4.287688482297791
FBA17SXK0JVD,ESTES,Lenox,2024-08-01,ABE8,8873,NJ,Somerset,40.5007,-74.5013,08518-2200,NJ,Florence,40.110056150000005,-74.80252506814196,16240.0,1021.23,103879.54,329.37,0.32252284,50.39125468158433,68.98092704690085,5.800213238492865,6.929741794367619,3.9394680156036346,4.248222734163899,11.55099686406891,9.695294188174604,1.3990844790284656,False,LTL,71.798,4.287688482297791
FBA182C7QNKF,ESTES,Lenox,2024-08-09,RDU2,8873,NJ,Somerset,40.5007,-74.5013,27577,NC,Smithfield,35.53734374879133,-78.37546113312267,10782.0,1237.21,67973.84,237.33,0.191826772,647.7263225107298,891.2768025156798,5.473656267914107,7.1214220672922215,6.475010936720776,6.793776401163348,11.126892915691355,9.285726098882073,1.3039145849155918,True,LTL,764.194,6.640129396448059
FBA182C4MD95,ESTES,Lenox,2024-08-09,PIT2,8873,NJ,Somerset,40.5007,-74.5013,15126-1002,PA,Imperial,40.4480826,-80.30693934545454,1600.0,65.11,1548.86,12.49,0.191829212,491.0194613530324,496.9240094656506,2.6019486702196644,4.191320021345486,6.1985182713056,6.210447473946959,7.345919883253317,7.378383712996715,1.7603961700419444,True,LTL,590.319,6.382355634899754
FBA182C4MD8J,ESTES,Lenox,2024-08-09,PIT2,8873,NJ,Somerset,40.5007,-74.5013,15126-1002,PA,Imperial,40.4480826,-80.30693934545454,9240.0,476.16,203215.6395,91.34,0.191826277,491.0194613530324,496.9240094656506,4.525477417078843,6.167851864413745,6.1985182713056,6.210447473946959,12.22202787863703,9.13140538388804,1.4804839001683745,True,LTL,590.319,6.382355634899754
FBA182C4JM2X,ESTES,Lenox,2024-08-09,CLT2,8873,NJ,Somerset,40.5007,-74.5013,28214-8082,NC,Charlotte,35.24221934771131,-80.99737261815821,3170.0,187.21,16853.15,35.91,0.191816676,816.2399385185417,1154.9166832032652,3.608482517041907,5.237558360702472,6.705932734141005,7.052648973281337,9.732352196257096,8.061802274538348,1.5392291062618502,True,LTL,978.71,6.887256609504791
FBA182C7QNL2,ESTES,Lenox,2024-08-09,CLT2,8873,NJ,Somerset,40.5007,-74.5013,28214-8082,NC,Charlotte,35.24221934771131,-80.99737261815821,12568.0,1281.98,69944.26,245.92,0.191828266,816.2399385185417,1154.9166832032652,5.509064397525695,7.156940776029598,6.705932734141005,7.052648973281337,11.155468215109998,9.438988743924838,1.3188580203902756,True,LTL,978.71,6.887256609504791
FBA182C4JM46,ESTES,Lenox,2024-08-09,RDU2,8873,NJ,Somerset,40.5007,-74.5013,27577,NC,Smithfield,35.53734374879133,-78.37546113312267,520.0,48.83,10523.09088,9.36,0.191685439,647.7263225107298,891.2768025156798,2.337952236831337,3.908617212293313,6.475010936720776,6.793776401163348,9.261422277622708,6.255750041753367,1.6005020962600005,True,LTL,764.194,6.640129396448059
FBA182C7QNLQ,ESTES,Lenox,2024-08-09,TEB9,8873,NJ,Somerset,40.5007,-74.5013,8873,NJ,Somerset,42.40610715317342,-71.14548263783863,11856.5,1135.5,64922.09,217.84,0.191845002,350.8177361608457,491.5453267357823,5.388340869195625,7.0357086432925975,5.863113246498377,6.19958649035856,11.080958617538338,9.380715857751737,1.333300785087899,False,LTL,411.246,6.021620258542423
FBA188J749H3,ESTES,Lenox,2024-08-16,PHL5,8873,NJ,Somerset,40.5007,-74.5013,17339-8725,PA,Lewisberry,40.17156225,-76.83660887256559,1187.0,25.23,3954.39,7.39,0.292905272,201.28811115083107,234.5380113476267,2.127040520479115,3.2669037938787824,5.309692974037629,5.461872307428057,8.282834484695417,7.080026499922591,2.1671977341936053,True,LTL,254.057,5.541487049591214
FBA188J749HR,ESTES,Lenox,2024-08-16,PHL5,8873,NJ,Somerset,40.5007,-74.5013,17339-8725,PA,Lewisberry,40.17156225,-76.83660887256559,430.0,5.97,521.02,1.77,0.296482412,201.28811115083107,234.5380113476267,1.0188473201992472,1.9416152247724323,5.309692974037629,5.461872307428057,6.257705901324915,6.066108090103747,3.1242586135029544,True,LTL,254.057,5.541487049591214
FBA188DC08YG,ESTES,Lenox,2024-08-16,CLT2,8873,NJ,Somerset,40.5007,-74.5013,28214-8082,NC,Charlotte,35.24221934771131,-80.99737261815821,3337.5,195.95,6079.48,57.43,0.293084971,816.2399385185417,1154.9166832032652,4.067829456566345,5.282949889416915,6.705932734141005,7.052648973281337,8.712838919212453,8.113276883297923,1.5357474617639038,True,LTL,978.71,6.887256609504791
FBA188J5JQGC,ESTES,Lenox,2024-08-16,RDU4,8873,NJ,Somerset,40.5007,-74.5013,28303,NC,Fayetteville,35.1096273601162,-78.96083034790398,3900.0,133.6,33152.02,39.16,0.293113772,715.895562610397,991.2523498120396,3.6928714753834737,4.902307417210627,6.574930171148496,6.899977459825692,10.408889092520369,8.268988209506656,1.686754319094016,True,LTL,840.06,6.734663001066637
FBA188DC08Z3,ESTES,Lenox,2024-08-16,CLT2,8873,NJ,Somerset,40.5007,-74.5013,28214-8082,NC,Charlotte,35.24221934771131,-80.99737261815821,18301.46,1114.87,116100.8928,326.79,0.293119377,816.2399385185417,1154.9166832032652,5.792373159438054,7.017389648700869,6.705932734141005,7.052648973281337,11.662223470739995,9.814790756024625,1.3986384178968372,True,LTL,978.71,6.887256609504791
FBA188J5JQH0,ESTES,Lenox,2024-08-16,RDU4,8873,NJ,Somerset,40.5007,-74.5013,28303,NC,Fayetteville,35.1096273601162,-78.96083034790398,14290.5,730.38,89986.79,214.09,0.293121389,715.895562610397,991.2523498120396,5.371056545188342,6.594933160523247,6.574930171148496,6.899977459825692,11.40742927344218,9.567420233924553,1.4507228505657006,True,LTL,840.06,6.734663001066637
FBA18FCMVC8G,ESTES,Lenox,2024-10-10,LBE1,8873,NJ,Somerset,40.5007,-74.5013,15672,PA,New Stanton,40.233283249067846,-79.62793305592939,8737.0,293.8,19128.66,88.65,0.301735875,435.2867234386053,464.0673307713471,4.495913200051142,5.686297160315181,6.078299649775677,6.142182192462967,9.858995289145149,9.075436609511382,1.596018701387802,True,LTL,508.078,6.232601246460515
FBA18DKZL38G,ESTES,Lenox,2024-10-10,HSV1,8873,NJ,Somerset,40.5007,-74.5013,35756-4403,AL,Madison,34.66682455,-86.85013498866724,531.0,13.07,9555.967168,3.94,0.301453711,1265.041964234228,1736.8496805936531,1.597365331199831,2.644044871126298,7.143650749259214,7.460403812207803,9.165025713872604,6.2766434893416445,2.3738793383895747,True,LTL,1464.876,7.290208294967403
FBA18DK7HSJP,ESTES,Lenox,2024-10-10,WBW2,8873,NJ,Somerset,40.5007,-74.5013,18447,PA,Olyphant,40.8806239198167,-74.59423828433978,12704.0,436.78,34186.89,131.8,0.301753743,42.96616967998429,50.08147227667367,4.888844237042334,6.081716501085008,3.783420467275979,3.9334218537065535,10.439626766777517,9.449750895754264,1.5537966779721453,True,LTL,69.69,4.258304120182863
FBA18DKK3058,ESTES,Lenox,2024-10-10,WBW2,8873,NJ,Somerset,40.5007,-74.5013,18447,PA,Olyphant,40.8806239198167,-74.59423828433978,7197.0,172.62,29655.24,52.08,0.301703163,42.96616967998429,50.08147227667367,3.971800209464007,5.156869002963662,3.783420467275979,3.9334218537065535,10.297427837595231,8.881558488638976,1.7222773127521234,True,LTL,69.69,4.258304120182863
FBA18F4GY41W,ESTES,Lenox,2024-10-10,HSV1,8873,NJ,Somerset,40.5007,-74.5013,35756-4403,AL,Madison,34.66682455,-86.85013498866724,4018.0,43.59,54384.99255,13.15,0.301674696,1265.041964234228,1736.8496805936531,2.649714624089247,3.7975096186393857,7.143650749259214,7.460403812207803,10.903861909798117,8.2987883944492,2.185323864280977,True,LTL,1464.876,7.290208294967403
FBA18FCMVC93,ESTES,Lenox,2024-10-10,LBE1,8873,NJ,Somerset,40.5007,-74.5013,15672,PA,New Stanton,40.233283249067846,-79.62793305592939,486.0,31.42,1635.83,9.51,0.302673456,435.2867234386053,464.0673307713471,2.35232718488886,3.4787755163075302,6.078299649775677,6.142182192462967,7.400516723475146,6.18826412308259,1.7788627331869309,True,LTL,508.078,6.232601246460515
FBA18F48K04J,ESTES,Lenox,2024-10-10,WBW2,8873,NJ,Somerset,40.5007,-74.5013,18447,PA,Olyphant,40.8806239198167,-74.59423828433978,4878.0,61.02,18574.6,18.41,0.301704359,42.96616967998429,50.08147227667367,2.9657883971809187,4.127456913672303,3.783420467275979,3.9334218537065535,9.829604170544762,8.492695559815838,2.0576097431044222,True,LTL,69.69,4.258304120182863
FBA18F48K055,ESTES,Lenox,2024-10-10,WBW2,8873,NJ,Somerset,40.5007,-74.5013,18447,PA,Olyphant,40.8806239198167,-74.59423828433978,17375.5,457.7,64462.14,138.11,0.30174787,42.96616967998429,50.08147227667367,4.935264987071479,6.128396401603126,3.783420467275979,3.9334218537065535,11.07384886656279,9.762873997641943,1.593055239554686,True,LTL,69.69,4.258304120182863
FBA18G1G7CJY,ESTES,Lenox,2024-10-11,HSV1,8873,NJ,Somerset,40.5007,-74.5013,35756-4403,AL,Madison,34.66682455,-86.85013498866724,990.0,96.1,27909.0,37.58,0.391050989,1265.041964234228,1736.8496805936531,3.652734007477583,4.575741375297279,7.143650749259214,7.460403812207803,10.236740326530368,6.898714534329988,1.5076714281916312,True,LTL,1464.876,7.290208294967403
FBA18G67NBMV,ESTES,Lenox,2024-10-11,WBW2,8873,NJ,Somerset,40.5007,-74.5013,18447,PA,Olyphant,40.8806239198167,-74.59423828433978,6379.0,320.94,47494.53,198.99,0.620022434,42.96616967998429,50.08147227667367,5.298267365297996,5.774365192778084,3.783420467275979,3.9334218537065535,10.768390880331395,8.760923376338836,1.517209785639467,True,LTL,69.69,4.258304120182863
FBA18G1KY9N2,ESTES,Lenox,2024-10-11,WBW2,8873,NJ,Somerset,40.5007,-74.5013,18447,PA,Olyphant,40.8806239198167,-74.59423828433978,6025.5,336.36,36443.44,131.53,0.391039363,42.96616967998429,50.08147227667367,4.886809034892587,5.8211506094383045,3.783420467275979,3.9334218537065535,10.503544188078834,8.703921690028398,1.495223586195489,True,LTL,69.69,4.258304120182863
FBA18G1RPVRG,ESTES,Lenox,2024-10-11,HSV1,8873,NJ,Somerset,40.5007,-74.5013,35756-4403,AL,Madison,34.66682455,-86.85013498866724,2890.0,148.54,52006.65263,58.08,0.39100579,1265.041964234228,1736.8496805936531,4.078892457663179,5.00756391557177,7.143650749259214,7.460403812207803,10.859146152697257,7.969357742016346,1.591464008524072,True,LTL,1464.876,7.290208294967403
FBA18G65DH19,ESTES,Lenox,2024-10-11,HSV1,8873,NJ,Somerset,40.5007,-74.5013,35756-4403,AL,Madison,34.66682455,-86.85013498866724,4675.0,74.06,19389.59,45.92,0.620037807,1265.041964234228,1736.8496805936531,3.848444023785275,4.318287793706875,7.143650749259214,7.460403812207803,9.872543175829472,8.450198322591959,1.9568400084187527,True,LTL,1464.876,7.290208294967403
FBA18DKMD68X,ESTES,Lenox,2024-10-14,HSV1,8873,NJ,Somerset,40.5007,-74.5013,35756-4403,AL,Madison,34.66682455,-86.85013498866724,2346.0,35.3,68618.06562,5.89,0.166855524,1265.041964234228,1736.8496805936531,1.9300710850255671,3.591817741270805,7.143650749259214,7.460403812207803,11.136325699589916,7.760893195851024,2.1607146450324,True,LTL,1464.876,7.290208294967403
FBA18DKMD69K,ESTES,Lenox,2024-10-14,HSV1,8873,NJ,Somerset,40.5007,-74.5013,35756-4403,AL,Madison,34.66682455,-86.85013498866724,23302.0,205.24,438391.3354,34.28,0.167023972,1265.041964234228,1736.8496805936531,3.5633162311385904,5.329040539190878,7.143650749259214,7.460403812207803,12.990869531342671,10.056337386630338,1.887082170359548,True,LTL,1464.876,7.290208294967403
FBA18DKHN8RK,ESTES,Lenox,2024-10-14,WBW2,8873,NJ,Somerset,40.5007,-74.5013,18447,PA,Olyphant,40.8806239198167,-74.59423828433978,18617.0,454.57,86955.81,75.89,0.166948985,42.96616967998429,50.08147227667367,4.342375829044089,6.121549382170587,3.783420467275979,3.9334218537065535,11.373166837589576,9.831884133676436,1.606110401120416,True,LTL,69.69,4.258304120182863
FBA18DKHN8QX,ESTES,Lenox,2024-10-14,WBW2,8873,NJ,Somerset,40.5007,-74.5013,18447,PA,Olyphant,40.8806239198167,-74.59423828433978,126124.0,5155.89,399984.03,860.87,0.166968263,42.96616967998429,50.08147227667367,6.759104447225445,8.548088963592711,3.783420467275979,3.9334218537065535,12.899182400389789,11.745028757655913,1.373994679709036,True,LTL,69.69,4.258304120182863
FBA18G67NBNH,ESTES,Lenox,2024-10-16,WBW2,8873,NJ,Somerset,40.5007,-74.5013,18447,PA,Olyphant,40.8806239198167,-74.59423828433978,9062.0,293.1,45405.5,71.88,0.245240532,42.96616967998429,50.08147227667367,4.288814252951703,5.68391984555995,3.783420467275979,3.9334218537065535,10.723410545587502,9.11195547005478,1.6031111834155571,True,LTL,69.69,4.258304120182863
FBA18G1KY9NQ,ESTES,Lenox,2024-10-16,WBW2,8873,NJ,Somerset,40.5007,-74.5013,18447,PA,Olyphant,40.8806239198167,-74.59423828433978,20375.2,737.93,85846.37,180.93,0.245185858,42.96616967998429,50.08147227667367,5.203621997708712,6.605203193863628,3.783420467275979,3.9334218537065535,11.360326231028177,9.9221228320803,1.5021676912677209,True,LTL,69.69,4.258304120182863
FBA18C4G35S1,ESTES,Lenox,2024-10-16,LBE1,8873,NJ,Somerset,40.5007,-74.5013,15672,PA,New Stanton,40.233283249067846,-79.62793305592939,32808.25,1634.97,148677.5,400.88,0.245191043,435.2867234386053,464.0673307713471,5.996153536594114,7.399991179586247,6.078299649775677,6.142182192462967,11.909541535579022,10.398465766809393,1.4051997515206225,True,LTL,508.078,6.232601246460515
FBA18H65G3X1,ESTES,Lenox,2024-10-21,WBW2,8873,NJ,Somerset,40.5007,-74.5013,18447,PA,Olyphant,40.8806239198167,-74.59423828433978,43978.7,2360.3,230581.23,541.37,0.229364911,42.96616967998429,50.08147227667367,6.295948425362033,7.766967593816514,3.783420467275979,3.9334218537065535,12.348362824003948,10.691483442803086,1.376532515896533,True,LTL,69.69,4.258304120182863
FBA18H65G3XP,ESTES,Lenox,2024-10-21,WBW2,8873,NJ,Somerset,40.5007,-74.5013,18447,PA,Olyphant,40.8806239198167,-74.59423828433978,4947.0,193.73,29890.19,44.43,0.229339803,42.96616967998429,50.08147227667367,3.816172679771312,5.271613983713487,3.783420467275979,3.9334218537065535,10.305319067131853,8.506738733512378,1.6136877168536474,True,LTL,69.69,4.258304120182863
FBA18GT72BJ8,ESTES,Lenox,2024-10-21,HIA1,8873,NJ,Somerset,40.5007,-74.5013,17057,PA,Middletown,40.191283,-76.675769,10359.0,548.27,85034.35,221.14,0.403341419,187.45897094006145,218.6855238363308,5.403307813738974,6.308590123892623,5.238880322401086,5.392197086624922,11.350822331370296,9.245707515813471,1.4655742938183698,True,LTL,238.868,5.48008877203651
FBA18GT72BJX,ESTES,Lenox,2024-10-21,HIA1,8873,NJ,Somerset,40.5007,-74.5013,17057,PA,Middletown,40.191283,-76.675769,2694.0,144.73,34377.20665,58.38,0.403371796,187.45897094006145,218.6855238363308,4.083957469335614,4.981755594545605,5.238880322401086,5.392197086624922,10.445178114981791,7.899153483343097,1.585616422449884,True,LTL,238.868,5.48008877203651
FBA18GKMN8KK,ESTES,Lenox,2024-10-21,LBE1,8873,NJ,Somerset,40.5007,-74.5013,15672,PA,New Stanton,40.233283249067846,-79.62793305592939,7480.0,270.33,17154.75,81.29,0.300706544,435.2867234386053,464.0673307713471,4.410249593617622,5.603335792246684,6.078299649775677,6.142182192462967,9.750088673369254,8.920121751872404,1.5919306075168913,True,LTL,508.078,6.232601246460515
FBA18H65G3YB,ESTES,Lenox,2024-10-21,HSV1,8873,NJ,Somerset,40.5007,-74.5013,35756-4403,AL,Madison,34.66682455,-86.85013498866724,10482.5,164.67,65829.52,37.77,0.229367827,1265.041964234228,1736.8496805936531,3.657646751682838,5.109997857950446,7.143650749259214,7.460403812207803,11.094838839564858,9.257557871585291,1.8116559202039235,True,LTL,1464.876,7.290208294967403
FBA18GKXZW4Q,ESTES,Lenox,2024-10-21,LBE1,8873,NJ,Somerset,40.5007,-74.5013,15672,PA,New Stanton,40.233283249067846,-79.62793305592939,2380.0,142.3,29496.79,42.81,0.300843289,435.2867234386053,464.0673307713471,3.779862101825807,4.964940334834126,6.078299649775677,6.142182192462967,10.292070624267389,7.7752758464868625,1.5660361096256008,True,LTL,508.078,6.232601246460515
FBA17T3TV9TZ,ESTES,Lenox,2024-10-21,ABE8,8873,NJ,Somerset,40.5007,-74.5013,08518-2200,NJ,Florence,40.110056150000005,-74.80252506814196,7590.0,430.0,109882.24,188.38,0.438093023,50.39125468158433,68.98092704690085,5.243755578555354,6.066108090103747,3.9394680156036346,4.248222734163899,11.607173626487263,8.934718614016768,1.4728914291179338,False,LTL,71.798,4.287688482297791
FBA18GKJFGL0,ESTES,Lenox,2024-10-21,HSV1,8873,NJ,Somerset,40.5007,-74.5013,35756-4403,AL,Madison,34.66682455,-86.85013498866724,1395.0,27.27,8672.57,8.2,0.300696736,1265.041964234228,1736.8496805936531,2.2192034840549946,3.341801171705499,7.143650749259214,7.460403812207803,9.068035749728647,7.241366283322318,2.1669051841365725,True,LTL,1464.876,7.290208294967403
FBA18GKJFGLN,ESTES,Lenox,2024-10-21,BNA2,8873,NJ,Somerset,40.5007,-74.5013,37090-8123,TN,Lebanon,36.286211,-88.71518,898.0,13.04,1820.6,3.92,0.300613497,1322.5244071097918,1707.3783229341366,1.5933085305042167,2.641910398597665,7.188053462834322,7.44329985036781,7.50747051474953,6.80128303447162,2.574380659571863,True,LTL,1579.85,7.365717956048055
FBA18H69FFW9,ESTES,Lenox,2024-10-21,WBW2,8873,NJ,Somerset,40.5007,-74.5013,18447,PA,Olyphant,40.8806239198167,-74.59423828433978,15347.5,299.0,24773.89,260.41,0.870936455,42.96616967998429,50.08147227667367,5.566090056005451,5.703782474656201,3.783420467275979,3.9334218537065535,10.117585919228697,9.63877302837074,1.6898914134960454,True,LTL,69.69,4.258304120182863
FBA18GKRMYS6,ESTES,Lenox,2024-10-21,LBE1,8873,NJ,Somerset,40.5007,-74.5013,15672,PA,New Stanton,40.233283249067846,-79.62793305592939,11690.8,607.06,68914.2,182.56,0.300728099,435.2867234386053,464.0673307713471,5.212541589526633,6.410273561307727,6.078299649775677,6.142182192462967,11.140632042250136,9.366643020371525,1.461192401664163,True,LTL,508.078,6.232601246460515
FBA18H65G3YZ,ESTES,Lenox,2024-10-21,HSV1,8873,NJ,Somerset,40.5007,-74.5013,35756-4403,AL,Madison,34.66682455,-86.85013498866724,1802.0,32.3,8342.97,7.42,0.229721362,1265.041964234228,1736.8496805936531,2.130609828254235,3.505557396986398,7.143650749259214,7.460403812207803,9.029294401276251,7.497207223203318,2.138663377655262,True,LTL,1464.876,7.290208294967403
FBA18H69FFVN,ESTES,Lenox,2024-10-24,WBW2,8873,NJ,Somerset,40.5007,-74.5013,18447,PA,Olyphant,40.8806239198167,-74.59423828433978,2558.5,243.53,24980.53,147.45,0.605469552,42.96616967998429,50.08147227667367,5.000248201209769,5.499338000774475,3.783420467275979,3.9334218537065535,10.125892030803124,7.847567205897638,1.4270021600404377,True,LTL,69.69,4.258304120182863
FBA18H6B2JQP,ESTES,Lenox,2024-10-24,HSV1,8873,NJ,Somerset,40.5007,-74.5013,35756-4403,AL,Madison,34.66682455,-86.85013498866724,1325.0,27.47,3403.88,16.63,0.605387696,1265.041964234228,1736.8496805936531,2.869601996409779,3.3488509012899463,7.143650749259214,7.460403812207803,8.13296497567184,7.189922170745808,2.146981870102463,True,LTL,1464.876,7.290208294967403
FBA188DBJG11,ESTES,Lenox,2024-10-31,PIT2,8873,NJ,Somerset,40.5007,-74.5013,15126-1002,PA,Imperial,40.4480826,-80.30693934545454,2309.0,32.15,15728.74,8.61,0.267807154,491.0194613530324,496.9240094656506,2.262804222982201,3.501042716631872,6.1985182713056,6.210447473946959,9.6633084669901,7.745002803515839,2.2121988876978937,True,LTL,590.319,6.382355634899754
FBA17T7NZX3B,ESTES,Lenox,2024-10-31,ABE8,8873,NJ,Somerset,40.5007,-74.5013,08518-2200,NJ,Florence,40.110056150000005,-74.80252506814196,5302.0,274.64,36521.53,73.46,0.267477425,50.39125468158433,68.98092704690085,4.310262068444571,5.619095666489007,3.9394680156036346,4.248222734163899,10.50568460941779,8.57602797713713,1.5262292166126636,False,LTL,71.798,4.287688482297791
FBA17T7PY7YH,ESTES,Lenox,2024-10-31,ABE8,8873,NJ,Somerset,40.5007,-74.5013,08518-2200,NJ,Florence,40.110056150000005,-74.80252506814196,23308.0,1354.21,88163.99,362.26,0.267506517,50.39125468158433,68.98092704690085,5.895118831321297,7.211711702855217,3.9394680156036346,4.248222734163899,11.386965224418324,10.05659483106667,1.3944809839091494,False,LTL,71.798,4.287688482297791
FBA18JSF5H9B,ESTES,Lenox,2024-11-14,HIA1,8873,NJ,Somerset,40.5007,-74.5013,17057,PA,Middletown,40.191283,-76.675769,23556.94,1197.52,125217.18,315.16,0.263177233,187.45897094006145,218.6855238363308,5.756248414559503,7.088842741261278,5.238880322401086,5.392197086624922,11.737812934774254,10.067218197609977,1.4201497430621195,True,LTL,238.868,5.48008877203651
FBA18JSCRCSF,ESTES,Lenox,2024-11-14,HSV1,8873,NJ,Somerset,40.5007,-74.5013,35756-4403,AL,Madison,34.66682455,-86.85013498866724,6876.0,124.55,21429.71,32.77,0.263107186,1265.041964234228,1736.8496805936531,3.5195728343974766,4.832704085603594,7.143650749259214,7.460403812207803,9.97258021904339,8.835937789319836,1.82836309296108,True,LTL,1464.876,7.290208294967403
FBA18JSF5H8P,ESTES,Lenox,2024-11-14,HIA1,8873,NJ,Somerset,40.5007,-74.5013,17057,PA,Middletown,40.191283,-76.675769,6252.0,298.93,46054.21,78.66,0.263138527,187.45897094006145,218.6855238363308,4.377767577753498,5.70354911409641,5.238880322401086,5.392197086624922,10.73759617317744,8.740816627567298,1.5325223738258402,True,LTL,238.868,5.48008877203651
FBA18HPY2HKF,ESTES,Spin Master,2024-11-21,LAN2,38654,MS,Olive Branch,34.9441,-89.8544,48917,MI,Lansing,42.71216059719439,-84.64336459519038,1326.7,75.06,32121.28106,129.91,1.730748734,974.1074973267782,1315.1707495328128,4.874510064192008,4.331522502500114,6.882547718588849,7.18248185235372,10.377305182351078,7.191203400901856,1.6602022491516923,True,LTL,1185.053,7.078386266586172
FBA18HPY2HJS,ESTES,Spin Master,2024-11-21,LAN2,38654,MS,Olive Branch,34.9441,-89.8544,48917,MI,Lansing,42.71216059719439,-84.64336459519038,1117.12,40.94,2329.25,70.86,1.730825598,974.1074973267782,1315.1707495328128,4.274719781685373,3.7362400254737738,6.882547718588849,7.18248185235372,7.753730836941266,7.0194039824810455,1.8787347532874177,True,LTL,1185.053,7.078386266586172
FBA18L9Z65MT,ESTES,Lenox,2024-12-03,HIA1,8873,NJ,Somerset,40.5007,-74.5013,17057,PA,Middletown,40.191283,-76.675769,3208.0,60.91,29951.20808,19.27,0.316368412,187.45897094006145,218.6855238363308,3.0091419604639085,4.12568171753114,5.238880322401086,5.392197086624922,10.307358326368572,8.073714641109857,1.9569407418905955,True,LTL,238.868,5.48008877203651
FBA18L9WF078,ESTES,Lenox,2024-12-03,WBW2,8873,NJ,Somerset,40.5007,-74.5013,18447,PA,Olyphant,40.8806239198167,-74.59423828433978,3246.0,60.91,24489.8709,19.27,0.316368412,42.96616967998429,50.08147227667367,3.0091419604639085,4.12568171753114,3.783420467275979,3.9334218537065535,10.106055710767574,8.085486772102845,1.959794120265124,True,LTL,69.69,4.258304120182863
FBA18LD0Q7NF,ESTES,Lenox,2024-12-03,TMB8,8873,NJ,Somerset,40.5007,-74.5013,33032,FL,Homestead,25.523886049493,-80.40445439136037,10640.0,700.51,27386.02,221.61,0.316355227,1752.8098294896415,2215.7730607395256,5.4054213614622375,6.5532351546084096,7.469545746010608,7.703807841156057,10.217824457506412,9.272469743441732,1.414945370443648,True,LTL,2059.755,7.630827699491498
FBA18LD0Q7P2,ESTES,Lenox,2024-12-03,TMB8,8873,NJ,Somerset,40.5007,-74.5013,33032,FL,Homestead,25.523886049493,-80.40445439136037,2186.0,113.39,15590.55217,35.88,0.31643002,1752.8098294896415,2215.7730607395256,3.607669398688393,4.739613662537582,7.469545746010608,7.703807841156057,9.65448451899452,7.690286020676768,1.6225554587838285,True,LTL,2059.755,7.630827699491498
FBA18LCMVC9L,ESTES,Lenox,2024-12-03,HSV1,8873,NJ,Somerset,40.5007,-74.5013,35756-4403,AL,Madison,34.66682455,-86.85013498866724,4295.0,82.91,14708.91,26.23,0.316367145,1265.041964234228,1736.8496805936531,3.3043193066856684,4.429744795881978,7.143650749259214,7.460403812207803,9.596276695289887,8.3654396361887,1.8884698829525035,True,LTL,1464.876,7.290208294967403
FBA18L9Z65NG,ESTES,Lenox,2024-12-03,HIA1,8873,NJ,Somerset,40.5007,-74.5013,17057,PA,Middletown,40.191283,-76.675769,25446.0,1544.85,141443.0,488.73,0.316360812,187.45897094006145,218.6855238363308,6.193854218828974,7.343329199860619,5.238880322401086,5.392197086624922,11.85965915801457,10.144353136837957,1.381437882020937,True,LTL,238.868,5.48008877203651
FBA18L9WF06M,ESTES,Lenox,2024-12-03,WBW2,8873,NJ,Somerset,40.5007,-74.5013,18447,PA,Olyphant,40.8806239198167,-74.59423828433978,23813.0,1167.52,96581.04,369.36,0.316362889,42.96616967998429,50.08147227667367,5.914475505579847,7.06349326979307,3.783420467275979,3.9334218537065535,11.478148081590046,10.07802892201112,1.426776884620202,True,LTL,69.69,4.258304120182863
FBA18M3PNK9R,ESTES,Lenox,2024-12-16,LBE1,8873,NJ,Somerset,40.5007,-74.5013,15672,PA,New Stanton,40.233283249067846,-79.62793305592939,6857.0,987.41,64627.29,261.24,0.264570948,435.2867234386053,464.0673307713471,5.56926011499552,6.896097591424667,6.078299649775677,6.142182192462967,11.076407519605816,8.833171133022866,1.28089416019967,True,LTL,508.078,6.232601246460515
FBA18LRKNG7F,ESTES,Lenox,2024-12-16,HIA1,8873,NJ,Somerset,40.5007,-74.5013,17057,PA,Middletown,40.191283,-76.675769,1221.0,67.65,10197.64,25.4,0.375461936,187.45897094006145,218.6855238363308,3.2733640101522705,4.229021132213981,5.238880322401086,5.392197086624922,9.23000965704935,7.108244139731541,1.6808249279213765,True,LTL,238.868,5.48008877203651
FBA18LRKNG82,ESTES,Lenox,2024-12-16,HIA1,8873,NJ,Somerset,40.5007,-74.5013,17057,PA,Middletown,40.191283,-76.675769,11179.77,473.57,59486.13,177.87,0.375593893,187.45897094006145,218.6855238363308,5.186659285005154,6.162409130878598,5.238880322401086,5.392197086624922,10.99351526561595,9.321950617324932,1.5127120610370552,True,LTL,238.868,5.48008877203651
FBA18LRF6BKT,ESTES,Lenox,2024-12-16,ILG1,8873,NJ,Somerset,40.5007,-74.5013,19720-4610,DE,New Castle,39.62514605,-75.63374613230809,8841.0,130.09,26753.25,48.86,0.375586133,136.98723077128847,193.73025932704223,3.909219078095412,4.875884110209718,4.927161150233143,5.271615315438797,10.194448618208972,9.087268374386188,1.8637170549968904,True,LTL,163.477,5.102770742800852
FBA18LRF6BK5,ESTES,Lenox,2024-12-16,ILG1,8873,NJ,Somerset,40.5007,-74.5013,19720-4610,DE,New Castle,39.62514605,-75.63374613230809,1754.0,34.69,42473.60514,13.02,0.375324301,136.98723077128847,193.73025932704223,2.640484881606444,3.574870537502069,4.927161150233143,5.271615315438797,10.656661650204985,7.470224135899966,2.089648857919136,True,LTL,163.477,5.102770742800852
FBA18MB8BFCC,ESTES,Lenox,2024-12-16,HSV1,8873,NJ,Somerset,40.5007,-74.5013,35756-4403,AL,Madison,34.66682455,-86.85013498866724,8217.0,397.59,227581.69,105.2,0.26459418,1265.041964234228,1736.8496805936531,4.665324108807838,5.987933319656665,7.143650749259214,7.460403812207803,12.335268923860475,9.014082149443356,1.5053745037294777,True,LTL,1464.876,7.290208294967403
FBA18LPF0TS1,ESTES,Lenox,2024-12-19,PBI3,8873,NJ,Somerset,40.5007,-74.5013,34986,FL,Port Saint Lucie,27.36763808463668,-80.40589218604242,16685.35,743.55,81696.29,182.15,0.244973438,1557.608616983022,2005.0648181551137,5.210305489224823,6.612780009036214,7.351548790062869,7.603930280140989,11.310776110163314,9.722346298910258,1.4702358592944105,True,LTL,1826.43,7.510665887196758
FBA18LP3Z163,ESTES,Lenox,2024-12-19,PBI3,8873,NJ,Somerset,40.5007,-74.5013,34986,FL,Port Saint Lucie,27.36763808463668,-80.40589218604242,11060.0,416.54,65195.07,102.04,0.244970471,1557.608616983022,2005.0648181551137,4.635117262356044,6.034380348084814,7.351548790062869,7.603930280140989,11.085154470024449,9.311180686902254,1.5430218431387788,True,LTL,1825.174,7.509978346867003
FBA18LPF9KBS,ESTES,Lenox,2024-12-19,LBE1,8873,NJ,Somerset,40.5007,-74.5013,15672,PA,New Stanton,40.233283249067846,-79.62793305592939,375.0,28.59,3533.98,7.0,0.244840853,435.2867234386053,464.0673307713471,2.079441541679836,3.3874364664121184,6.078299649775677,6.142182192462967,8.17046292060604,5.929589143389895,1.7504650499527614,True,LTL,508.078,6.232601246460515
FBA18LP3Z17D,ESTES,Lenox,2024-12-19,LBE1,8873,NJ,Somerset,40.5007,-74.5013,15672,PA,New Stanton,40.233283249067846,-79.62793305592939,853.0,27.35,8627.5,6.7,0.244972578,435.2867234386053,464.0673307713471,2.0412203288596382,3.3446270301737613,6.078299649775677,6.142182192462967,9.062825956687634,6.74993119378857,2.018141674062204,True,LTL,508.078,6.232601246460515
FBA18LPF0TRD,ESTES,Lenox,2024-12-19,PBI3,8873,NJ,Somerset,40.5007,-74.5013,34986,FL,Port Saint Lucie,27.36763808463668,-80.40589218604242,3188.5,233.76,22879.52,57.26,0.244952088,1557.608616983022,2005.0648181551137,4.064915751531289,5.458563715690134,7.351548790062869,7.603930280140989,10.0380411725082,8.06761944368201,1.4779747684344855,True,LTL,1825.174,7.509978346867003
FBA18LPF9KCF,ESTES,Lenox,2024-12-19,LBE1,8873,NJ,Somerset,40.5007,-74.5013,15672,PA,New Stanton,40.233283249067846,-79.62793305592939,575.5,29.88,5763.87,7.34,0.245649264,435.2867234386053,464.0673307713471,2.1210632163706555,3.4301087251565754,6.078299649775677,6.142182192462967,8.659537882579002,6.3569753397091135,1.853286834054782,True,LTL,508.078,6.232601246460515
FBA18LP3Z16R,ESTES,Lenox,2024-12-19,PBI3,8873,NJ,Somerset,40.5007,-74.5013,34986,FL,Port Saint Lucie,27.36763808463668,-80.40589218604242,1134.0,47.24,10164.22,11.57,0.24491956,1557.608616983022,2005.0648181551137,2.531313022602156,3.87618855241893,7.351548790062869,7.603930280140989,9.22672736872052,7.034387929915503,1.8147692855461592,True,LTL,1825.174,7.509978346867003
FBA18LP3Z15G,ESTES,Lenox,2024-12-19,LBE1,8873,NJ,Somerset,40.5007,-74.5013,15672,PA,New Stanton,40.233283249067846,-79.62793305592939,9733.0,547.09,71990.87,134.02,0.244968835,435.2867234386053,464.0673307713471,4.905422915613724,6.3064395070398005,6.078299649775677,6.142182192462967,11.18430847495596,9.1833801903934,1.4561909584864972,True,LTL,508.078,6.232601246460515
FBA18LXCG8YG,ESTES,Lenox,2024-12-20,HIA1,8873,NJ,Somerset,40.5007,-74.5013,17057,PA,Middletown,40.191283,-76.675769,2752.5,99.36,11325.1,55.8,0.561594203,187.45897094006145,218.6855238363308,4.039536325727106,4.608763721498222,5.238880322401086,5.392197086624922,9.334865075877223,7.920628108702536,1.7186014704454604,True,LTL,238.868,5.48008877203651
FBA18LXCCL88,ESTES,Lenox,2024-12-20,HSV1,8873,NJ,Somerset,40.5007,-74.5013,35756-4403,AL,Madison,34.66682455,-86.85013498866724,4986.5,54.77,7234.54,30.75,0.561438744,1265.041964234228,1736.8496805936531,3.457892725338701,4.021236090401462,7.143650749259214,7.460403812207803,8.886760273460741,8.514690061198118,2.1174310261271057,True,LTL,1464.876,7.290208294967403
FBA18LXBFNPQ,ESTES,Lenox,2024-12-20,HIA1,8873,NJ,Somerset,40.5007,-74.5013,17057,PA,Middletown,40.191283,-76.675769,11504.5,515.87,37048.82,289.68,0.561536821,187.45897094006145,218.6855238363308,5.672223005748435,6.247791392212425,5.238880322401086,5.392197086624922,10.520018772412836,9.350580460890628,1.4966217458133575,True,LTL,238.868,5.48008877203651
FBA18NKD7VQX,ESTES,Lenox,2024-12-31,WBW2,8873,NJ,Somerset,40.5007,-74.5013,18447,PA,Olyphant,40.8806239198167,-74.59423828433978,2220.2,98.06,20418.76938,33.7,0.343667143,42.96616967998429,50.08147227667367,3.5467396869528134,4.595725727160092,3.783420467275979,3.9334218537065535,9.924258797825305,7.705802869367452,1.6767325395045318,True,LTL,69.69,4.258304120182863
FBA18NKD7VRK,ESTES,Lenox,2024-12-31,WBW2,8873,NJ,Somerset,40.5007,-74.5013,18447,PA,Olyphant,40.8806239198167,-74.59423828433978,14949.05,781.31,48115.34,268.55,0.343717602,42.96616967998429,50.08147227667367,5.596753901897678,6.6622510814292255,3.783420467275979,3.9334218537065535,10.781377107345545,9.612469923294846,1.4428261267560516,True,LTL,69.69,4.258304120182863
FBA18NKS4R5M,ESTES,Lenox,2024-12-31,HSV1,8873,NJ,Somerset,40.5007,-74.5013,35756-4403,AL,Madison,34.66682455,-86.85013498866724,5203.0,64.3,8722.7,22.1,0.3437014,1265.041964234228,1736.8496805936531,3.139832617527748,4.178992036282385,7.143650749259214,7.460403812207803,9.073798738834782,8.557182839632397,2.0476667017640056,True,LTL,1464.876,7.290208294967403
FBA18NLB1K15,ESTES,Lenox,2024-12-31,WBW2,8873,NJ,Somerset,40.5007,-74.5013,18447,PA,Olyphant,40.8806239198167,-74.59423828433978,2552.25,180.08,17071.64032,61.91,0.343791648,42.96616967998429,50.08147227667367,4.141705133581938,5.198938922567758,3.783420467275979,3.9334218537065535,9.745232479867218,7.845122336458208,1.5089852859020507,True,LTL,69.69,4.258304120182863
FBA18NKS4R68,ESTES,Lenox,2024-12-31,HSV1,8873,NJ,Somerset,40.5007,-74.5013,35756-4403,AL,Madison,34.66682455,-86.85013498866724,811.5,11.25,527.19,3.86,0.343111111,1265.041964234228,1736.8496805936531,1.5810384379124025,2.505525936990736,7.143650749259214,7.460403812207803,6.269456067461173,6.700115914203892,2.674135523917614,True,LTL,1464.876,7.290208294967403
